Epoch,PPL,Test PPL
1,130.50030234337487,126.32123188791334
2,130.5434285409311,126.32123188791334
3,131.6097615047947,126.32123188791334
4,130.55630524069525,126.32123188791334
