Epoch,PPL,Test PPL
1,129.7647740592183,124.80140226414679
2,130.465984139471,124.80140226414679
3,131.32318204573292,124.80140226414679
4,133.17173574350028,124.80140226414679
