Epoch,PPL,Test PPL
1,184.33291900137522,144.4641112479144
2,161.31198802412075,144.4641112479144
3,153.2312268853575,144.4641112479144
4,150.45602180162393,144.4641112479144
5,150.54421642452738,144.4641112479144
6,151.46263072934508,144.4641112479144
7,154.39571251320604,144.4641112479144
