Epoch,PPL,Test PPL
1,232.76928912877943,137.68820194290447
2,184.3949345580556,137.68820194290447
3,165.05437622269542,137.68820194290447
4,156.5810839767846,137.68820194290447
5,152.32545291610538,137.68820194290447
6,147.31078883858322,137.68820194290447
7,144.8148955135285,137.68820194290447
8,144.08672563726594,137.68820194290447
9,144.10793760050177,137.68820194290447
10,144.69135723010243,137.68820194290447
11,145.7387547929218,137.68820194290447
