Epoch,PPL,Test PPL
1,197.88288979236285,137.91745714621985
2,164.3375824645164,137.91745714621985
3,153.34429834380214,137.91745714621985
4,147.24774404937997,137.91745714621985
5,145.19689909807025,137.91745714621985
6,144.22929092178956,137.91745714621985
7,144.3450960285725,137.91745714621985
8,145.5643644186222,137.91745714621985
9,148.16725815222546,137.91745714621985
