Epoch,PPL,Test PPL
1,131.59938440669055,125.30775412639787
2,133.06693012265765,125.30775412639787
3,131.05433471025813,125.30775412639787
4,130.85391937856062,125.30775412639787
5,131.55073606820767,125.30775412639787
6,130.51978577561533,125.30775412639787
7,128.90979996181082,125.30775412639787
8,130.52626037623486,125.30775412639787
9,129.3239984026319,125.30775412639787
10,131.0647924762484,125.30775412639787
