Epoch,PPL,Test PPL
1,232.2852295773947,136.83013320126324
2,183.2625069496364,136.83013320126324
3,165.34286436476222,136.83013320126324
4,154.6486606406124,136.83013320126324
5,149.10120413000635,136.83013320126324
6,146.28040022592177,136.83013320126324
7,144.84841726667347,136.83013320126324
8,143.2562543169218,136.83013320126324
9,142.9646255909945,136.83013320126324
10,144.59185604888236,136.83013320126324
11,144.87457315823968,136.83013320126324
12,146.45915750786097,136.83013320126324
