Batch Size,Learning Rate,Test PPL
32,2.5,97.86847882071602
32,2.7,97.64751725653433
32,3.2,96.63379063249525
32,3.5,96.83080907488417
32,4.0,97.03267137349579
64,2.5,99.58189079923922
64,2.7,100.53245032976419
64,3.2,99.5825200097028
64,3.5,98.9300068615527
64,4.0,98.68484008071965
128,2.5,103.98471330330818
128,2.7,101.78343948186145
128,3.2,101.07218283614817
128,3.5,100.38730073221035
128,4.0,100.67373812949371
