Epoch,PPL,Test PPL
1,188.6703447893762,157.44694172024592
2,171.95305082169597,157.44694172024592
3,170.45832495530044,157.44694172024592
4,171.32143373325593,157.44694172024592
5,177.12050793988917,157.44694172024592
6,184.38559984580405,157.44694172024592
