Epoch,PPL,Test PPL
1,203.79169779739587,176.9978179268026
2,190.4355754249996,176.9978179268026
3,191.6086521882047,176.9978179268026
4,195.38336358482573,176.9978179268026
5,205.9460976047158,176.9978179268026
