Epoch,PPL,Test PPL
1,179.21168628042537,145.01529145796746
2,159.26197718201107,145.01529145796746
3,157.14226001322353,145.01529145796746
4,160.64387995845715,145.01529145796746
5,166.95813096455325,145.01529145796746
6,175.42166163461428,145.01529145796746
