Epoch,PPL,Test PPL
1,187.0095651580876,148.94622127754658
2,163.96594228407918,148.94622127754658
3,161.19053676459959,148.94622127754658
4,161.52143240274975,148.94622127754658
5,166.56479802131662,148.94622127754658
6,170.83728679804202,148.94622127754658
