Epoch,PPL,Test PPL
1,182.0443179399086,137.5986706402219
2,154.65476480306114,137.5986706402219
3,148.45818649961384,137.5986706402219
4,148.0420523148101,137.5986706402219
5,151.12950630884797,137.5986706402219
6,155.45269990893647,137.5986706402219
7,161.31096806908616,137.5986706402219
