Epoch,PPL,Test PPL
1,198.32839626773935,132.43419845195794
2,159.5858252277704,132.43419845195794
3,147.46015903206776,132.43419845195794
4,142.92966490686166,132.43419845195794
5,142.08482008582268,132.43419845195794
6,144.17155322509456,132.43419845195794
7,146.52356916056368,132.43419845195794
8,149.6232767170176,132.43419845195794
