Epoch,PPL,Test PPL
1,244.27001409086103,127.38925237368389
2,184.2707210600346,127.38925237368389
3,161.8950937024854,127.38925237368389
4,149.92130648938524,127.38925237368389
5,144.03386525301374,127.38925237368389
6,140.74445641535473,127.38925237368389
7,138.99730401015304,127.38925237368389
8,138.34785320832606,127.38925237368389
9,138.8958781747634,127.38925237368389
10,139.89301187257556,127.38925237368389
11,140.9862786869369,127.38925237368389
