Epoch,PPL
1,319.2938632074728
2,260.2157217246521
3,222.24484536654825
4,220.22178132486633
5,196.2620128392117
6,198.90057903626732
7,186.61105039226027
8,180.563739750934
9,178.59538380785102
10,174.22986083784912
11,174.89327981567783
12,170.89540036026656
13,178.5648393510157
14,169.9734277098949
15,172.55027029083806
16,170.8885520548264
17,175.51535724407984
