Epoch,PPL,Test PPL
1,437.42388310224294,422.9448646613008
2,1191.2402992530585,422.9448646613008
3,660.9469715002956,422.9448646613008
4,606.3032972176298,422.9448646613008
