Epoch,PPL
1,298.2306573260583
2,259.2707290276614
3,225.18721786875523
4,212.3551975461081
5,202.90166027962061
6,195.71985470442084
7,188.29244002961582
8,187.44518547510447
9,183.39274370984108
10,176.32542172886352
11,182.73116945750135
12,177.10962121318468
13,173.51176155453516
14,171.90681204126398
15,171.31048871375017
16,172.50388766873456
17,171.8032022011759
18,169.61278742784657
19,167.88395102617227
20,168.40188111830798
21,167.94329089358212
22,177.91258149718345
