Epoch,PPL
1,275.0726804237247
2,226.16742322619334
3,208.7666001688782
4,194.98569878808823
5,191.57814130686617
6,183.16159581693398
7,201.9143248057209
8,179.34010795342587
9,173.30461778728187
10,175.70532042617484
11,177.90374894970896
12,175.62957413518544
