Epoch,PPL
1,278.7167973920359
2,242.03717818203683
3,213.31097646216918
4,219.04715588105975
5,192.21580180843256
6,182.07448758252616
7,183.3834902622336
8,176.99553698400396
9,178.01339516346974
10,175.23672273884725
11,176.17054684880694
12,174.82444308406713
13,169.93022023472432
14,175.58609935923252
15,169.5021224520888
16,170.95475869925914
17,176.3967460817199
18,177.46927737902624
