Epoch,PPL
1,274.7767104049886
2,221.59064603673448
3,205.86775486651132
4,198.9187606122237
5,191.75875211703175
6,183.90188256354216
7,177.43307780530264
8,176.21612212315054
9,180.7085017832218
10,174.01316848524874
11,174.153234485889
12,173.89820298441884
13,170.00808533107522
14,167.47749982017518
15,171.6384138135161
16,170.1181389384975
17,167.32765252415692
18,176.45385840560786
19,174.85146946866527
20,168.41122907348912
