Epoch,PPL
1,314.38649284078633
2,252.62868630201854
3,222.31776125022083
4,210.84322640988043
5,195.38160165722672
6,192.5879950984942
7,184.34585650355908
8,181.85318424687384
9,183.45408472838704
10,177.52485282366135
11,178.26244442708207
12,175.52022615280038
13,185.95710750682338
14,173.92717823470826
15,170.0781780238418
16,169.98078527483688
17,171.1355608117292
18,174.10951886036122
19,173.29173330936297
